"id","title","description","availability","condition","price","link","image_link","brand","google_product_category","fb_product_category","quantity_to_sell_on_facebook","sale_price","sale_price_effective_date","item_group_id","gender","color","size","age_group","material","pattern","shipping","shipping_weight"
"39013d7f-6c4a-4971-b39b-eebc01f3c83c","VastuCart Divine 4-Armed Lord Shiva Idol – Powerful Seated Pose – Auspicious PolyResin Figurine with Marble Dust – Bronze Finish (Bronze, 3.14 In) For Home Decor, Office Desk, Car Dashboard","<div>Product: Auspicious Shiva Idol in Meditative Sitting Pose with Four Arms | Size: 2.7L x 0.37W x 3.14H Inches | Material: PolyResin &amp; Marble Dust | Color: Bronze Base – Multi | In Package You Will Receive: 1 Pc of the Shiva Idol For Home Decor, Office, Car Dashboard and Home Puja of 3.14 Inch</div><div><br></div><div>Embrace divine tranquility with our beautifully crafted Lord Shiva idol in a meditative sitting posture, complete with four symbolic hands holding the Trishul and Damru. Meticulously sculpted in PolyResin and Marble Dust, this exquisite murti features a bronze base with multi-color detailing, creating a rich and antique look that blends spirituality with art.</div><div><br></div><div>Seated in deep dhyana, this Shiva idol symbolizes balance, destruction of negativity, and awakening of higher consciousness. The Trishul (trident) represents Lord Shiva's control over the three aspects of time—past, present, and future—while the Damru signifies cosmic rhythm. His peaceful expression brings calmness to any environment, be it your home temple, meditation space, study area, or office desk.</div><div><br></div><div>This compact yet detailed murti (3.14 inches in height) is perfect for car dashboards, small mandirs, and pooja thalis. It's also a thoughtful choice for gifting on Mahashivratri, housewarming, Diwali, or spiritual milestones. Whether placed in a spiritual corner or as part of your home decor theme, this idol elevates the energy and reminds one of Shiva's divine grace and inner stillness.</div><div><br></div><div>Ideal for those seeking strength, clarity, and divine protection in their surroundings. Bring home this sacred symbol of transformation and let Lord Shiva's presence bless your life with peace and purpose.</div>","in stock","new","1000.0","https://www.smartbiz.in/VastuCart/product/39013d7f-6c4a-4971-b39b-eebc01f3c83c","https://m.media-amazon.com/images/X/bxt1/M/ebxt1xp8VqZD31T.jpg","VastuCart","God Idols & Murti","God Idols & Murti","","399.0","","39013d7f-6c4a-4971-b39b-eebc01f3c83c","","","","","","","",""
"173d30b2-f68b-439d-84f0-f935a855f8ff","VastuCart Kamal Gatta Mala 108 Beads Original With Brass Spacers and Auspicious Goden Brass Wire For Diwali and Laxmi Puja, Wealth, Joy and Prosperity - Beautiful Lotus Seeds Japa Mala ","⭐ Beads Shape: Oval | Beads Size: 10 mm | Beads Hole: 1 mm | Materials: Pure Natural Original Kamal Gatta (Dried Lotus Seeds) | Thread : Auspicious Red Silk Cord | Tassle : Silk Tassel ⭐ Original Kamal Gatta Mala with Brass Spacers: Hand-strung using authentic kamal gatta (lotus seeds) with intricately designed brass spacers, this 108+1 bead mala reflects purity, grace, and traditional craftsmanship rooted in Indian spiritual heritage. 💫 Auspicious Golden Brass Wire Thread for Prosperity Rituals: Made using vibrant Gold Brass wire as thread—widely revered in Laxmi Puja, Shri Yantra Sadhana, and wealth rituals. The Brass Wire enhances both durability and sacred appeal for spiritual use.  Naturally Irregular Beads for Authenticity: Each lotus seed is uniquely shaped by nature, making every mala distinctive and grounded. Slight irregularities enhance the rustic, ethnic charm and signify the originality of the material Multiple Bead Count Variants for Every Practice: Offered in 5 sacred formats—9+1, 18+1, 27+1, 54+1, and 108+1—suitable for varied mantra recitations, meditation routines, or daily offerings during pooja and religious chanting. 🕉️ Perfect for Shri Yantra, Lakshmi Sadhana, and Diwali Pooja: Highly recommended for spiritual use during Diwali, Shri Suktam chanting, and other wealth-invoking rituals. Align your spiritual intent with this revered mala associated with Goddess Lakshmi. Timeless Design Meets Traditional Energy: The mala features a warm, earthy palette of natural seeds contrasted by golden-toned brass elements—an elegant blend that’s visually striking and spiritually symbolic. 🍁Spiritually Symbolic and Culturally Rooted: Kamal Gatta is a sacred symbol of wealth, purity, and divine growth. Using this mala in rituals is believed to attract the blessings of Goddess Lakshmi and positive energy.","in stock","new","1400.0","https://www.smartbiz.in/VastuCart/product/173d30b2-f68b-439d-84f0-f935a855f8ff","https://m.media-amazon.com/images/X/bxt1/M/5bxt1BOXn$YZoVM.jpg","VastuCart","Puja Essentials","Puja Essentials","","997.0","","173d30b2-f68b-439d-84f0-f935a855f8ff","","Brown","108+1 Beads","","","","",""
"1caa3bc2-da65-425e-9f30-2f1f13b8c486","VastuCart Kamal Gatta Mala 108 Beads Original With Brass Spacers and Auspicious Goden Brass Wire For Diwali and Laxmi Puja, Wealth, Joy and Prosperity - Beautiful Lotus Seeds Japa Mala ","⭐ Beads Shape: Oval | Beads Size: 10 mm | Beads Hole: 1 mm | Materials: Pure Natural Original Kamal Gatta (Dried Lotus Seeds) | Thread : Auspicious Red Silk Cord | Tassle : Silk Tassel ⭐ Original Kamal Gatta Mala with Brass Spacers: Hand-strung using authentic kamal gatta (lotus seeds) with intricately designed brass spacers, this 108+1 bead mala reflects purity, grace, and traditional craftsmanship rooted in Indian spiritual heritage. 💫 Auspicious Golden Brass Wire Thread for Prosperity Rituals: Made using vibrant Gold Brass wire as thread—widely revered in Laxmi Puja, Shri Yantra Sadhana, and wealth rituals. The Brass Wire enhances both durability and sacred appeal for spiritual use.  Naturally Irregular Beads for Authenticity: Each lotus seed is uniquely shaped by nature, making every mala distinctive and grounded. Slight irregularities enhance the rustic, ethnic charm and signify the originality of the material Multiple Bead Count Variants for Every Practice: Offered in 5 sacred formats—9+1, 18+1, 27+1, 54+1, and 108+1—suitable for varied mantra recitations, meditation routines, or daily offerings during pooja and religious chanting. 🕉️ Perfect for Shri Yantra, Lakshmi Sadhana, and Diwali Pooja: Highly recommended for spiritual use during Diwali, Shri Suktam chanting, and other wealth-invoking rituals. Align your spiritual intent with this revered mala associated with Goddess Lakshmi. Timeless Design Meets Traditional Energy: The mala features a warm, earthy palette of natural seeds contrasted by golden-toned brass elements—an elegant blend that’s visually striking and spiritually symbolic. 🍁Spiritually Symbolic and Culturally Rooted: Kamal Gatta is a sacred symbol of wealth, purity, and divine growth. Using this mala in rituals is believed to attract the blessings of Goddess Lakshmi and positive energy.","in stock","new","1400.0","https://www.smartbiz.in/VastuCart/product/1caa3bc2-da65-425e-9f30-2f1f13b8c486","https://m.media-amazon.com/images/X/bxt1/M/ubxt1xa8Hp-epC0.jpg","VastuCart","Puja Essentials","Puja Essentials","","398.0","","173d30b2-f68b-439d-84f0-f935a855f8ff","","Brown","27+1 Beads","","","","",""
"28e2cfd0-e192-48ce-8e25-5e45f0b8933a","VastuCart Kamal Gatta Mala 108 Beads Original With Brass Spacers and Auspicious Goden Brass Wire For Diwali and Laxmi Puja, Wealth, Joy and Prosperity - Beautiful Lotus Seeds Japa Mala ","⭐ Beads Shape: Oval | Beads Size: 10 mm | Beads Hole: 1 mm | Materials: Pure Natural Original Kamal Gatta (Dried Lotus Seeds) | Thread : Auspicious Red Silk Cord | Tassle : Silk Tassel ⭐ Original Kamal Gatta Mala with Brass Spacers: Hand-strung using authentic kamal gatta (lotus seeds) with intricately designed brass spacers, this 108+1 bead mala reflects purity, grace, and traditional craftsmanship rooted in Indian spiritual heritage. 💫 Auspicious Golden Brass Wire Thread for Prosperity Rituals: Made using vibrant Gold Brass wire as thread—widely revered in Laxmi Puja, Shri Yantra Sadhana, and wealth rituals. The Brass Wire enhances both durability and sacred appeal for spiritual use.  Naturally Irregular Beads for Authenticity: Each lotus seed is uniquely shaped by nature, making every mala distinctive and grounded. Slight irregularities enhance the rustic, ethnic charm and signify the originality of the material Multiple Bead Count Variants for Every Practice: Offered in 5 sacred formats—9+1, 18+1, 27+1, 54+1, and 108+1—suitable for varied mantra recitations, meditation routines, or daily offerings during pooja and religious chanting. 🕉️ Perfect for Shri Yantra, Lakshmi Sadhana, and Diwali Pooja: Highly recommended for spiritual use during Diwali, Shri Suktam chanting, and other wealth-invoking rituals. Align your spiritual intent with this revered mala associated with Goddess Lakshmi. Timeless Design Meets Traditional Energy: The mala features a warm, earthy palette of natural seeds contrasted by golden-toned brass elements—an elegant blend that’s visually striking and spiritually symbolic. 🍁Spiritually Symbolic and Culturally Rooted: Kamal Gatta is a sacred symbol of wealth, purity, and divine growth. Using this mala in rituals is believed to attract the blessings of Goddess Lakshmi and positive energy.","in stock","new","1400.0","https://www.smartbiz.in/VastuCart/product/28e2cfd0-e192-48ce-8e25-5e45f0b8933a","https://m.media-amazon.com/images/X/bxt1/M/dbxt1RoaE3pRaV8.jpg","VastuCart","Puja Essentials","Puja Essentials","","279.0","","173d30b2-f68b-439d-84f0-f935a855f8ff","","Brown","9+1 Beads","","","","",""
"61685a93-7c31-4743-80b6-cb1e44ec8323","VastuCart Kamal Gatta Mala 108 Beads Original With Brass Spacers and Auspicious Goden Brass Wire For Diwali and Laxmi Puja, Wealth, Joy and Prosperity - Beautiful Lotus Seeds Japa Mala ","⭐ Beads Shape: Oval | Beads Size: 10 mm | Beads Hole: 1 mm | Materials: Pure Natural Original Kamal Gatta (Dried Lotus Seeds) | Thread : Auspicious Red Silk Cord | Tassle : Silk Tassel ⭐ Original Kamal Gatta Mala with Brass Spacers: Hand-strung using authentic kamal gatta (lotus seeds) with intricately designed brass spacers, this 108+1 bead mala reflects purity, grace, and traditional craftsmanship rooted in Indian spiritual heritage. 💫 Auspicious Golden Brass Wire Thread for Prosperity Rituals: Made using vibrant Gold Brass wire as thread—widely revered in Laxmi Puja, Shri Yantra Sadhana, and wealth rituals. The Brass Wire enhances both durability and sacred appeal for spiritual use.  Naturally Irregular Beads for Authenticity: Each lotus seed is uniquely shaped by nature, making every mala distinctive and grounded. Slight irregularities enhance the rustic, ethnic charm and signify the originality of the material Multiple Bead Count Variants for Every Practice: Offered in 5 sacred formats—9+1, 18+1, 27+1, 54+1, and 108+1—suitable for varied mantra recitations, meditation routines, or daily offerings during pooja and religious chanting. 🕉️ Perfect for Shri Yantra, Lakshmi Sadhana, and Diwali Pooja: Highly recommended for spiritual use during Diwali, Shri Suktam chanting, and other wealth-invoking rituals. Align your spiritual intent with this revered mala associated with Goddess Lakshmi. Timeless Design Meets Traditional Energy: The mala features a warm, earthy palette of natural seeds contrasted by golden-toned brass elements—an elegant blend that’s visually striking and spiritually symbolic. 🍁Spiritually Symbolic and Culturally Rooted: Kamal Gatta is a sacred symbol of wealth, purity, and divine growth. Using this mala in rituals is believed to attract the blessings of Goddess Lakshmi and positive energy.","in stock","new","1400.0","https://www.smartbiz.in/VastuCart/product/61685a93-7c31-4743-80b6-cb1e44ec8323","https://m.media-amazon.com/images/X/bxt1/M/hbxt1xtfHqHEzvm.jpg","VastuCart","Puja Essentials","Puja Essentials","","287.0","","173d30b2-f68b-439d-84f0-f935a855f8ff","","Brown","11 Beads","","","","",""
"bcc60244-9fbd-4e1b-8cde-88f80e36be16","VastuCart Kamal Gatta Mala 108 Beads Original With Brass Spacers and Auspicious Goden Brass Wire For Diwali and Laxmi Puja, Wealth, Joy and Prosperity - Beautiful Lotus Seeds Japa Mala ","⭐ Beads Shape: Oval | Beads Size: 10 mm | Beads Hole: 1 mm | Materials: Pure Natural Original Kamal Gatta (Dried Lotus Seeds) | Thread : Auspicious Red Silk Cord | Tassle : Silk Tassel ⭐ Original Kamal Gatta Mala with Brass Spacers: Hand-strung using authentic kamal gatta (lotus seeds) with intricately designed brass spacers, this 108+1 bead mala reflects purity, grace, and traditional craftsmanship rooted in Indian spiritual heritage. 💫 Auspicious Golden Brass Wire Thread for Prosperity Rituals: Made using vibrant Gold Brass wire as thread—widely revered in Laxmi Puja, Shri Yantra Sadhana, and wealth rituals. The Brass Wire enhances both durability and sacred appeal for spiritual use.  Naturally Irregular Beads for Authenticity: Each lotus seed is uniquely shaped by nature, making every mala distinctive and grounded. Slight irregularities enhance the rustic, ethnic charm and signify the originality of the material Multiple Bead Count Variants for Every Practice: Offered in 5 sacred formats—9+1, 18+1, 27+1, 54+1, and 108+1—suitable for varied mantra recitations, meditation routines, or daily offerings during pooja and religious chanting. 🕉️ Perfect for Shri Yantra, Lakshmi Sadhana, and Diwali Pooja: Highly recommended for spiritual use during Diwali, Shri Suktam chanting, and other wealth-invoking rituals. Align your spiritual intent with this revered mala associated with Goddess Lakshmi. Timeless Design Meets Traditional Energy: The mala features a warm, earthy palette of natural seeds contrasted by golden-toned brass elements—an elegant blend that’s visually striking and spiritually symbolic. 🍁Spiritually Symbolic and Culturally Rooted: Kamal Gatta is a sacred symbol of wealth, purity, and divine growth. Using this mala in rituals is believed to attract the blessings of Goddess Lakshmi and positive energy.","in stock","new","1400.0","https://www.smartbiz.in/VastuCart/product/bcc60244-9fbd-4e1b-8cde-88f80e36be16","https://m.media-amazon.com/images/X/bxt1/M/3bxt1Bos7sJRwAl.jpg","VastuCart","Puja Essentials","Puja Essentials","","796.0","","173d30b2-f68b-439d-84f0-f935a855f8ff","","Brown","54+1 Beads","","","","",""
"e53747a5-26c0-4501-b680-500d48fee2f9","VastuCart Kamal Gatta Mala 108 Beads Original With Brass Spacers and Auspicious Goden Brass Wire For Diwali and Laxmi Puja, Wealth, Joy and Prosperity - Beautiful Lotus Seeds Japa Mala ","⭐ Beads Shape: Oval | Beads Size: 10 mm | Beads Hole: 1 mm | Materials: Pure Natural Original Kamal Gatta (Dried Lotus Seeds) | Thread : Auspicious Red Silk Cord | Tassle : Silk Tassel ⭐ Original Kamal Gatta Mala with Brass Spacers: Hand-strung using authentic kamal gatta (lotus seeds) with intricately designed brass spacers, this 108+1 bead mala reflects purity, grace, and traditional craftsmanship rooted in Indian spiritual heritage. 💫 Auspicious Golden Brass Wire Thread for Prosperity Rituals: Made using vibrant Gold Brass wire as thread—widely revered in Laxmi Puja, Shri Yantra Sadhana, and wealth rituals. The Brass Wire enhances both durability and sacred appeal for spiritual use.  Naturally Irregular Beads for Authenticity: Each lotus seed is uniquely shaped by nature, making every mala distinctive and grounded. Slight irregularities enhance the rustic, ethnic charm and signify the originality of the material Multiple Bead Count Variants for Every Practice: Offered in 5 sacred formats—9+1, 18+1, 27+1, 54+1, and 108+1—suitable for varied mantra recitations, meditation routines, or daily offerings during pooja and religious chanting. 🕉️ Perfect for Shri Yantra, Lakshmi Sadhana, and Diwali Pooja: Highly recommended for spiritual use during Diwali, Shri Suktam chanting, and other wealth-invoking rituals. Align your spiritual intent with this revered mala associated with Goddess Lakshmi. Timeless Design Meets Traditional Energy: The mala features a warm, earthy palette of natural seeds contrasted by golden-toned brass elements—an elegant blend that’s visually striking and spiritually symbolic. 🍁Spiritually Symbolic and Culturally Rooted: Kamal Gatta is a sacred symbol of wealth, purity, and divine growth. Using this mala in rituals is believed to attract the blessings of Goddess Lakshmi and positive energy.","in stock","new","1400.0","https://www.smartbiz.in/VastuCart/product/e53747a5-26c0-4501-b680-500d48fee2f9","https://m.media-amazon.com/images/X/bxt1/M/8bxt1hvR8M$DrNM.jpg","VastuCart","Puja Essentials","Puja Essentials","","299.0","","173d30b2-f68b-439d-84f0-f935a855f8ff","","Brown","18+1 Beads","","","","",""
"f6e42095-430f-45be-8cdd-81248354f9c5","VastuCart Kamal Gatta Mala 108 Beads Original With Brass Spacers and Auspicious Goden Brass Wire For Diwali and Laxmi Puja, Wealth, Joy and Prosperity - Beautiful Lotus Seeds Japa Mala ","⭐ Beads Shape: Oval | Beads Size: 10 mm | Beads Hole: 1 mm | Materials: Pure Natural Original Kamal Gatta (Dried Lotus Seeds) | Thread : Auspicious Red Silk Cord | Tassle : Silk Tassel ⭐ Original Kamal Gatta Mala with Brass Spacers: Hand-strung using authentic kamal gatta (lotus seeds) with intricately designed brass spacers, this 108+1 bead mala reflects purity, grace, and traditional craftsmanship rooted in Indian spiritual heritage. 💫 Auspicious Golden Brass Wire Thread for Prosperity Rituals: Made using vibrant Gold Brass wire as thread—widely revered in Laxmi Puja, Shri Yantra Sadhana, and wealth rituals. The Brass Wire enhances both durability and sacred appeal for spiritual use.  Naturally Irregular Beads for Authenticity: Each lotus seed is uniquely shaped by nature, making every mala distinctive and grounded. Slight irregularities enhance the rustic, ethnic charm and signify the originality of the material Multiple Bead Count Variants for Every Practice: Offered in 5 sacred formats—9+1, 18+1, 27+1, 54+1, and 108+1—suitable for varied mantra recitations, meditation routines, or daily offerings during pooja and religious chanting. 🕉️ Perfect for Shri Yantra, Lakshmi Sadhana, and Diwali Pooja: Highly recommended for spiritual use during Diwali, Shri Suktam chanting, and other wealth-invoking rituals. Align your spiritual intent with this revered mala associated with Goddess Lakshmi. Timeless Design Meets Traditional Energy: The mala features a warm, earthy palette of natural seeds contrasted by golden-toned brass elements—an elegant blend that’s visually striking and spiritually symbolic. 🍁Spiritually Symbolic and Culturally Rooted: Kamal Gatta is a sacred symbol of wealth, purity, and divine growth. Using this mala in rituals is believed to attract the blessings of Goddess Lakshmi and positive energy.","in stock","new","1400.0","https://www.smartbiz.in/VastuCart/product/f6e42095-430f-45be-8cdd-81248354f9c5","https://m.media-amazon.com/images/X/bxt1/M/obxt1RXR7MM1UNN.jpg","VastuCart","Puja Essentials","Puja Essentials","","897.0","","173d30b2-f68b-439d-84f0-f935a855f8ff","","Brown","72+1 Bead","","","","",""
"c4fbd17f-6832-44f4-93d4-ad5569d03cae","VastuCart Karungali Malai Original 108 Beads – Certified Pure Ebony Wood Mala for Spiritual Protection, Jap, Meditation – Beautifully Crafted Karungali Mala of Natural Craft Beads","<p>This Original Karungali Malla is Available in Multiple Size and Styles like 6mm, 8mm, and 10mm bead size variants in unpolished and polished variants, in thread and elastic stringing. Choose Your Vibe, and Embark upon the spiritual journeys you love.</p><p><br></p><p><br></p><ul><li>Karungali Malai Original 108 Beads – Traditional hand-strung ebony wood mala made from 108 sacred karungali craft beads, plus 1 guru bead, with an authenticity certificate for trust in your spiritual journey.&nbsp;</li><li>Ebony Wood Mala for Spiritual Fortification – Karungali (Tamil for ebony) is revered in ancient Siddha and Agamic texts for its power to ward off evil forces, absorb negativity, and strengthen the aura.&nbsp;</li><li>Rooted in South Indian spiritual customs, karungali malai original has long been used by yogis, devotees, and priests in temples and home altars to channel protective energy and divine grace.&nbsp;</li><li>Protection Against Shani, Drishti, and Black Magic – Highly recommended by astrologers and priests for those facing planetary afflictions, evil eye (drishti), or unexplained negative experiences in life.&nbsp;</li><li>108 Bead Count – Aligned with Spiritual Mathematics – Based on Vedic spiritual numerology, 108 craft bead is not just a number but a code of cosmic alignment, helping you go deeper in japa and mantra sadhana.</li></ul><p><br></p>","in stock","new","2000.0","https://www.smartbiz.in/VastuCart/product/c4fbd17f-6832-44f4-93d4-ad5569d03cae","https://m.media-amazon.com/images/X/bxt1/M/pbxt1Rey3scHktl.jpg","VastuCart","Puja Essentials","Puja Essentials","","899.0","","04d2c64f-52f2-421a-9ff3-4aa2024fd9f2","","Black","UNPOLISHED | 10 MM | THREAD","","","","",""
"04d2c64f-52f2-421a-9ff3-4aa2024fd9f2","VastuCart Karungali Malai Original 108 Beads – Certified Pure Ebony Wood Mala for Spiritual Protection, Jap, Meditation – Beautifully Crafted Karungali Mala of Natural Craft Beads","<p>This Original Karungali Malla is Available in Multiple Size and Styles like 6mm, 8mm, and 10mm bead size variants in unpolished and polished variants, in thread and elastic stringing. Choose Your Vibe, and Embark upon the spiritual journeys you love.</p><p><br></p><p><br></p><ul><li>Karungali Malai Original 108 Beads – Traditional hand-strung ebony wood mala made from 108 sacred karungali craft beads, plus 1 guru bead, with an authenticity certificate for trust in your spiritual journey.&nbsp;</li><li>Ebony Wood Mala for Spiritual Fortification – Karungali (Tamil for ebony) is revered in ancient Siddha and Agamic texts for its power to ward off evil forces, absorb negativity, and strengthen the aura.&nbsp;</li><li>Rooted in South Indian spiritual customs, karungali malai original has long been used by yogis, devotees, and priests in temples and home altars to channel protective energy and divine grace.&nbsp;</li><li>Protection Against Shani, Drishti, and Black Magic – Highly recommended by astrologers and priests for those facing planetary afflictions, evil eye (drishti), or unexplained negative experiences in life.&nbsp;</li><li>108 Bead Count – Aligned with Spiritual Mathematics – Based on Vedic spiritual numerology, 108 craft bead is not just a number but a code of cosmic alignment, helping you go deeper in japa and mantra sadhana.</li></ul><p><br></p>","in stock","new","2000.0","https://www.smartbiz.in/VastuCart/product/04d2c64f-52f2-421a-9ff3-4aa2024fd9f2","https://m.media-amazon.com/images/X/bxt1/M/pbxt1Rey3scHktl.jpg","VastuCart","Puja Essentials","Puja Essentials","","699.0","","04d2c64f-52f2-421a-9ff3-4aa2024fd9f2","","Black","UNPOLISHED | 6 MM | THREAD","","","","",""
"3d077b18-b6e5-488a-bc1c-d0a05058c36a","VastuCart Karungali Malai Original 108 Beads – Certified Pure Ebony Wood Mala for Spiritual Protection, Jap, Meditation – Beautifully Crafted Karungali Mala of Natural Craft Beads","<p>This Original Karungali Malla is Available in Multiple Size and Styles like 6mm, 8mm, and 10mm bead size variants in unpolished and polished variants, in thread and elastic stringing. Choose Your Vibe, and Embark upon the spiritual journeys you love.</p><p><br></p><p><br></p><p><br></p><ul><li>Karungali Malai Original 108 Beads – Traditional hand-strung ebony wood mala made from 108 sacred karungali craft beads, plus 1 guru bead, with an authenticity certificate for trust in your spiritual journey.&nbsp;</li><li>Ebony Wood Mala for Spiritual Fortification – Karungali (Tamil for ebony) is revered in ancient Siddha and Agamic texts for its power to ward off evil forces, absorb negativity, and strengthen the aura.&nbsp;</li><li>Rooted in South Indian spiritual customs, karungali malai original has long been used by yogis, devotees, and priests in temples and home altars to channel protective energy and divine grace.&nbsp;</li><li>Protection Against Shani, Drishti, and Black Magic – Highly recommended by astrologers and priests for those facing planetary afflictions, evil eye (drishti), or unexplained negative experiences in life.&nbsp;</li><li>108 Bead Count – Aligned with Spiritual Mathematics – Based on Vedic spiritual numerology, 108 craft bead is not just a number but a code of cosmic alignment, helping you go deeper in japa and mantra sadhana.</li></ul>","in stock","new","2000.0","https://www.smartbiz.in/VastuCart/product/3d077b18-b6e5-488a-bc1c-d0a05058c36a","https://m.media-amazon.com/images/X/bxt1/M/pbxt1Rey3scHktl.jpg","VastuCart","Puja Essentials","Puja Essentials","","799.0","","04d2c64f-52f2-421a-9ff3-4aa2024fd9f2","","Black","UNPOLISHED | 8 MM | THREAD","","","","",""
"7ab2585a-db19-483e-b15c-d3a414a5a189","VastuCart Karungali Malai Original 108 Beads – Certified Pure Ebony Wood Mala for Spiritual Protection, Jap, Meditation – Beautifully POLISHED Karungali Mala of Natural ","<p>This Original Karungali Malla is Available in Multiple Size and Styles like 6mm, 8mm, and 10mm bead size variants in unpolished and polished variants, in thread and elastic stringing. Choose Your Vibe, and Embark upon the spiritual journeys you love.</p><p><br></p><p><br></p><ul><li>Karungali Malai Original 108 Beads – Traditional hand-strung ebony wood mala made from 108 sacred karungali craft beads, plus 1 guru bead, with an authenticity certificate for trust in your spiritual journey.&nbsp;</li><li>Ebony Wood Mala for Spiritual Fortification – Karungali (Tamil for ebony) is revered in ancient Siddha and Agamic texts for its power to ward off evil forces, absorb negativity, and strengthen the aura.&nbsp;</li><li>Rooted in South Indian spiritual customs, karungali malai original has long been used by yogis, devotees, and priests in temples and home altars to channel protective energy and divine grace.&nbsp;</li><li>Protection Against Shani, Drishti, and Black Magic – Highly recommended by astrologers and priests for those facing planetary afflictions, evil eye (drishti), or unexplained negative experiences in life.&nbsp;</li><li>108 Bead Count – Aligned with Spiritual Mathematics – Based on Vedic spiritual numerology, 108 craft bead is not just a number but a code of cosmic alignment, helping you go deeper in japa and mantra sadhana.</li></ul>","in stock","new","2000.0","https://www.smartbiz.in/VastuCart/product/7ab2585a-db19-483e-b15c-d3a414a5a189","https://m.media-amazon.com/images/X/bxt1/M/pbxt1Rey3scHktl.jpg","VastuCart","Puja Essentials","Puja Essentials","","1099.0","","4d847706-74cc-4809-a30b-7167daeb9b31","","Black","POLISHED | 10 MM | ELASTIC","","","","",""
"f7a47b07-99a7-4cb0-8a1d-ecc26b0ff045","VastuCart Karungali Malai Original 108 Beads – Certified Pure Ebony Wood Mala for Spiritual Protection, Jap, Meditation – Beautifully POLISHED Karungali Mala of Natural ","<p>This Original Karungali Malla is Available in Multiple Size and Styles like 6mm, 8mm, and 10mm bead size variants in unpolished and polished variants, in thread and elastic stringing. Choose Your Vibe, and Embark upon the spiritual journeys you love.</p><p><br></p><p><br></p><ul><li>Karungali Malai Original 108 Beads – Traditional hand-strung ebony wood mala made from 108 sacred karungali craft beads, plus 1 guru bead, with an authenticity certificate for trust in your spiritual journey.&nbsp;</li><li>Ebony Wood Mala for Spiritual Fortification – Karungali (Tamil for ebony) is revered in ancient Siddha and Agamic texts for its power to ward off evil forces, absorb negativity, and strengthen the aura.&nbsp;</li><li>Rooted in South Indian spiritual customs, karungali malai original has long been used by yogis, devotees, and priests in temples and home altars to channel protective energy and divine grace.&nbsp;</li><li>Protection Against Shani, Drishti, and Black Magic – Highly recommended by astrologers and priests for those facing planetary afflictions, evil eye (drishti), or unexplained negative experiences in life.&nbsp;</li><li>108 Bead Count – Aligned with Spiritual Mathematics – Based on Vedic spiritual numerology, 108 craft bead is not just a number but a code of cosmic alignment, helping you go deeper in japa and mantra sadhana.</li></ul>","in stock","new","2000.0","https://www.smartbiz.in/VastuCart/product/f7a47b07-99a7-4cb0-8a1d-ecc26b0ff045","https://m.media-amazon.com/images/X/bxt1/M/pbxt1Rey3scHktl.jpg","VastuCart","Puja Essentials","Puja Essentials","","899.0","","4d847706-74cc-4809-a30b-7167daeb9b31","","Black","POLISHED | 6 MM | ELASTIC","","","","",""
"4d847706-74cc-4809-a30b-7167daeb9b31","VastuCart Karungali Malai Original 108 Beads – Certified Pure Ebony Wood Mala for Spiritual Protection, Jap, Meditation – Beautifully POLISHED Karungali Mala of Natural ","<p>This Original Karungali Malla is Available in Multiple Size and Styles like 6mm, 8mm, and 10mm bead size variants in unpolished and polished variants, in thread and elastic stringing. Choose Your Vibe, and Embark upon the spiritual journeys you love.</p><p><br></p><p><br></p><ul><li>Karungali Malai Original 108 Beads – Traditional hand-strung ebony wood mala made from 108 sacred karungali craft beads, plus 1 guru bead, with an authenticity certificate for trust in your spiritual journey.&nbsp;</li><li>Ebony Wood Mala for Spiritual Fortification – Karungali (Tamil for ebony) is revered in ancient Siddha and Agamic texts for its power to ward off evil forces, absorb negativity, and strengthen the aura.&nbsp;</li><li>Rooted in South Indian spiritual customs, karungali malai original has long been used by yogis, devotees, and priests in temples and home altars to channel protective energy and divine grace.&nbsp;</li><li>Protection Against Shani, Drishti, and Black Magic – Highly recommended by astrologers and priests for those facing planetary afflictions, evil eye (drishti), or unexplained negative experiences in life.&nbsp;</li><li>108 Bead Count – Aligned with Spiritual Mathematics – Based on Vedic spiritual numerology, 108 craft bead is not just a number but a code of cosmic alignment, helping you go deeper in japa and mantra sadhana.</li></ul>","in stock","new","2000.0","https://www.smartbiz.in/VastuCart/product/4d847706-74cc-4809-a30b-7167daeb9b31","https://m.media-amazon.com/images/X/bxt1/M/pbxt1Rey3scHktl.jpg","VastuCart","Puja Essentials","Puja Essentials","","799.0","","4d847706-74cc-4809-a30b-7167daeb9b31","","Black","POLISHED | 6 MM | THREAD","","","","",""
"4ed4d73a-491c-4ff7-8a30-91180202fe65","VastuCart Karungali Malai Original 108 Beads – Certified Pure Ebony Wood Mala for Spiritual Protection, Jap, Meditation – Beautifully POLISHED Karungali Mala of Natural ","<p>This Original Karungali Malla is Available in Multiple Size and Styles like 6mm, 8mm, and 10mm bead size variants in unpolished and polished variants, in thread and elastic stringing. Choose Your Vibe, and Embark upon the spiritual journeys you love.</p><p><br></p><p><br></p><ul><li>Karungali Malai Original 108 Beads – Traditional hand-strung ebony wood mala made from 108 sacred karungali craft beads, plus 1 guru bead, with an authenticity certificate for trust in your spiritual journey.&nbsp;</li><li>Ebony Wood Mala for Spiritual Fortification – Karungali (Tamil for ebony) is revered in ancient Siddha and Agamic texts for its power to ward off evil forces, absorb negativity, and strengthen the aura.&nbsp;</li><li>Rooted in South Indian spiritual customs, karungali malai original has long been used by yogis, devotees, and priests in temples and home altars to channel protective energy and divine grace.&nbsp;</li><li>Protection Against Shani, Drishti, and Black Magic – Highly recommended by astrologers and priests for those facing planetary afflictions, evil eye (drishti), or unexplained negative experiences in life.&nbsp;</li><li>108 Bead Count – Aligned with Spiritual Mathematics – Based on Vedic spiritual numerology, 108 craft bead is not just a number but a code of cosmic alignment, helping you go deeper in japa and mantra sadhana.</li></ul>","in stock","new","2000.0","https://www.smartbiz.in/VastuCart/product/4ed4d73a-491c-4ff7-8a30-91180202fe65","https://m.media-amazon.com/images/X/bxt1/M/pbxt1Rey3scHktl.jpg","VastuCart","Puja Essentials","Puja Essentials","","997.0","","4d847706-74cc-4809-a30b-7167daeb9b31","","Black","POLISHED | 8 MM | ELASTIC","","","","",""
"a50aba60-095c-4cd6-b190-03b7fd0353d3","VastuCart Karungali Malai Original 108 Beads – Certified Pure Ebony Wood Mala for Spiritual Protection, Jap, Meditation – Beautifully POLISHED Karungali Mala of Natural ","<p>This Original Karungali Malla is Available in Multiple Size and Styles like 6mm, 8mm, and 10mm bead size variants in unpolished and polished variants, in thread and elastic stringing. Choose Your Vibe, and Embark upon the spiritual journeys you love.</p><p><br></p><p><br></p><ul><li>Karungali Malai Original 108 Beads – Traditional hand-strung ebony wood mala made from 108 sacred karungali craft beads, plus 1 guru bead, with an authenticity certificate for trust in your spiritual journey.&nbsp;</li><li>Ebony Wood Mala for Spiritual Fortification – Karungali (Tamil for ebony) is revered in ancient Siddha and Agamic texts for its power to ward off evil forces, absorb negativity, and strengthen the aura.&nbsp;</li><li>Rooted in South Indian spiritual customs, karungali malai original has long been used by yogis, devotees, and priests in temples and home altars to channel protective energy and divine grace.&nbsp;</li><li>Protection Against Shani, Drishti, and Black Magic – Highly recommended by astrologers and priests for those facing planetary afflictions, evil eye (drishti), or unexplained negative experiences in life.&nbsp;</li><li>108 Bead Count – Aligned with Spiritual Mathematics – Based on Vedic spiritual numerology, 108 craft bead is not just a number but a code of cosmic alignment, helping you go deeper in japa and mantra sadhana.</li></ul>","in stock","new","2000.0","https://www.smartbiz.in/VastuCart/product/a50aba60-095c-4cd6-b190-03b7fd0353d3","https://m.media-amazon.com/images/X/bxt1/M/pbxt1Rey3scHktl.jpg","VastuCart","Puja Essentials","Puja Essentials","","997.0","","4d847706-74cc-4809-a30b-7167daeb9b31","","Black","POLISHED | 10 MM | THREAD","","","","",""
"c92d30b0-56c8-4f30-96dc-99b1a5791eb2","VastuCart Karungali Malai Original 108 Beads – Certified Pure Ebony Wood Mala for Spiritual Protection, Jap, Meditation – Beautifully POLISHED Karungali Mala of Natural ","<p>This Original Karungali Malla is Available in Multiple Size and Styles like 6mm, 8mm, and 10mm bead size variants in unpolished and polished variants, in thread and elastic stringing. Choose Your Vibe, and Embark upon the spiritual journeys you love.</p><p><br></p><p><br></p><p><br></p><ul><li>Karungali Malai Original 108 Beads – Traditional hand-strung ebony wood mala made from 108 sacred karungali craft beads, plus 1 guru bead, with an authenticity certificate for trust in your spiritual journey.&nbsp;</li><li>Ebony Wood Mala for Spiritual Fortification – Karungali (Tamil for ebony) is revered in ancient Siddha and Agamic texts for its power to ward off evil forces, absorb negativity, and strengthen the aura.&nbsp;</li><li>Rooted in South Indian spiritual customs, karungali malai original has long been used by yogis, devotees, and priests in temples and home altars to channel protective energy and divine grace.&nbsp;</li><li>Protection Against Shani, Drishti, and Black Magic – Highly recommended by astrologers and priests for those facing planetary afflictions, evil eye (drishti), or unexplained negative experiences in life.&nbsp;</li><li>108 Bead Count – Aligned with Spiritual Mathematics – Based on Vedic spiritual numerology, 108 craft bead is not just a number but a code of cosmic alignment, helping you go deeper in japa and mantra sadhana.</li></ul>","in stock","new","2000.0","https://www.smartbiz.in/VastuCart/product/c92d30b0-56c8-4f30-96dc-99b1a5791eb2","https://m.media-amazon.com/images/X/bxt1/M/pbxt1Rey3scHktl.jpg","VastuCart","Puja Essentials","Puja Essentials","","899.0","","4d847706-74cc-4809-a30b-7167daeb9b31","","Black","POLISHED | 8 MM | THREAD","","","","",""
"2b5819ce-b556-4373-a0b7-73fbba77ab14","VastuCart Lord Kuber Idol Murti For Home Temple, Office Table, Shop -Divine Lord Kubera Statue - The God Of Wealth, Joy, and Prosperity - For Vastu, Feng Sui, Good Luck (Golden, 7 Inch) ","<div>🍁Product: Auspicious Lord Kuber Idol In Sitting Pose On Royal Throne | Size: 4.5L x 3.5W x 7H Inches | Material: Polyresin &amp; Marble Dust | Color: Bronze Multicolor | In Package You Will Receive: 1 Pc Of The Kuber Murti For Home Decor, Office, And Home Puja Of 7 Inch</div><div><br></div><div>🍁Invoke prosperity, wealth, and divine blessings with this stunning Lord Kuber Idol from VastuCart, designed in a traditional Bronze finish with Multicolor and Golden accents. Seated on a beautifully detailed throne with a pot of gold, Kuber Ji represents affluence, success, and financial security.</div><div><br></div><div>🍁Crafted from Polyresin and Marble Dust, this 7-inch idol is lightweight yet durable, perfect for placing in your home temple, office, or gifting on auspicious occasions like Diwali, Dhanteras, or housewarmings. The detailed craftsmanship—from his ornaments to his sacred posture—embodies both artistry and devotion.</div><div><br></div><div>🍁This Kuber Murti is a powerful Vastu remedy, ideal for placement in the North or North-East to attract wealth energy. Its compact size (4.5L x 3.5W x 7H inches) ensures it fits well on desks, mandirs, shelves, or puja rooms. The gold-white-multicolor detailing adds a rich, vibrant touch that elevates your space spiritually and aesthetically.</div><div><br></div><div>🍁Bring home divine abundance and add a spiritual anchor to your environment with this blessed statue from VastuCart, your trusted source for sacred living.</div><div><br></div>","in stock","new","2000.0","https://www.smartbiz.in/VastuCart/product/2b5819ce-b556-4373-a0b7-73fbba77ab14","https://m.media-amazon.com/images/X/bxt1/M/4bxt1hg3hExBTmp.jpg","VastuCart","God Idols & Murti","God Idols & Murti","","1397.0","","2b5819ce-b556-4373-a0b7-73fbba77ab14","","Bronze","7 INCH","","","","",""
"ea8267f4-c11a-4643-88c3-3c4426d501c3","VastuCart Lord Shiva Idol - Adiyogi Mahayogi Murti in Meditative Pose - Shiv Ji Ki Murti for Home Temple, Car Dashboard & Puja Decor (Matte Black, 3.5 In)","<div>Product: Adiyogi Shiva Idol in Meditation Pose | Size: 2.4L x 2W x 3.5H Inches | Material: PolyResin &amp; Marble Dust | Color: Matte Black | In Package You Will Receive: 1 Pc of the Lord Shiva Idol For Home Decor, Office, Car Dashboard and Home Puja of 3.5 Inch</div><div><br></div><div>Invoke the cosmic power of Lord Shiva with VastuCart’s Matte Black Adiyogi Idol. Seated in his ancient yogic pose, this 3.5-inch murti radiates divine calm and strength—perfect for your home, car, or meditation space.</div><div><br></div><div>Crafted from PolyResin and Marble Dust, and finished in deep matte black, this idol represents Shiva in his purest meditative form—symbolizing inner silence, power, and spiritual clarity. Ideal for yogis, seekers, and meditators, it fits effortlessly into modern or traditional decor setups.</div><div><br></div><div>Place it in your mandir, on your dashboard, or your yoga altar—it’s a compact yet deeply powerful spiritual companion. A sacred gift for Mahashivratri or for those walking a spiritual path.</div>","in stock","new","899.0","https://www.smartbiz.in/VastuCart/product/ea8267f4-c11a-4643-88c3-3c4426d501c3","https://m.media-amazon.com/images/X/bxt1/M/Sbxt1BgrFP3xFIh.jpg","VastuCart","God Idols & Murti","God Idols & Murti","","499.0","","1bf98254-2697-476c-85c9-f2f92076dada","","Gold","2.4L x 2W x 3.5H Inches","","","","",""
"1bf98254-2697-476c-85c9-f2f92076dada","VastuCart Lord Shiva Idol - Adiyogi Mahayogi Murti in Meditative Pose - Shiv Ji Ki Murti for Home Temple, Car Dashboard & Puja Decor (Matte Black, 3.5 In)","<div>Product: Adiyogi Shiva Idol in Meditation Pose | Size: 2.4L x 2W x 3.5H Inches | Material: PolyResin &amp; Marble Dust | Color: Matte Black | In Package You Will Receive: 1 Pc of the Lord Shiva Idol For Home Decor, Office, Car Dashboard and Home Puja of 3.5 Inch</div><div><br></div><div>Invoke the cosmic power of Lord Shiva with VastuCart’s Matte Black Adiyogi Idol. Seated in his ancient yogic pose, this 3.5-inch murti radiates divine calm and strength—perfect for your home, car, or meditation space.</div><div><br></div><div>Crafted from PolyResin and Marble Dust, and finished in deep matte black, this idol represents Shiva in his purest meditative form—symbolizing inner silence, power, and spiritual clarity. Ideal for yogis, seekers, and meditators, it fits effortlessly into modern or traditional decor setups.</div><div><br></div><div>Place it in your mandir, on your dashboard, or your yoga altar—it’s a compact yet deeply powerful spiritual companion. A sacred gift for Mahashivratri or for those walking a spiritual path.</div>","in stock","new","899.0","https://www.smartbiz.in/VastuCart/product/1bf98254-2697-476c-85c9-f2f92076dada","https://m.media-amazon.com/images/X/bxt1/M/wbxt1xSIutjMx5C.jpg","VastuCart","God Idols & Murti","God Idols & Murti","","499.0","","1bf98254-2697-476c-85c9-f2f92076dada","","Matt black","2.4L x 2W x 3.5H Inches","","","","",""
"428f77dd-ad1c-43e7-bd56-012e6f39e2bf","VastuCart Lord Shiva Standing Idol – Mighty Shiv Murti with Trishul – Hindu Mahadev Sculpture for Positivity, Home Puja & Office Decor – Radiates Power & Devotion (Matte Black, 4.3 In)","<div>Product: Powerful Lord Shiva Idol in Fierce Standing Pose with Trishul | Size: 3.4L x 2.4W x 4.3H Inches | Material: PolyResin &amp; Marble Dust | Color: Matt Black / Metallic Gold | In Package You Will Receive: 1 Pc of the Lord Shiva Idol For Home Decor, Office, Car Dashboard and Home Puja of 4.3 Inch</div>Standing Lord Shiva Idol with Trishul – Strength in Form, Power in Presence<div><br /></div><div>Invite divine energy and unshakable strength into your space with this Matt Black Standing Lord Shiva Idol—a powerful representation of the eternal Adiyogi in his mightiest stance. Crafted with precision using PolyResin and Marble Dust, this 4.3-inch sculpture captures Shiv Ji with his iconic Trishul and matted locks, embodying the force that balances destruction and creation in the universe.</div><div><br /></div><div>In his standing form, Mahadev appears alert and meditative—ready to protect and bless his devotees. The bold matt black finish adds a modern yet sacred aura, making it a standout piece for your home temple, meditation altar, study desk, or even your car dashboard. Its compact size ensures it fits seamlessly in any corner of your spiritual or modern lifestyle.</div><div><br /></div><div>Worshipped as the source of yoga, cosmic knowledge, and fearless transformation, this murti is ideal for enhancing your daily rituals, bringing peace to your mind, and shielding your home from negativity. Whether you're a practicing yogi, a Shiva bhakt, or someone seeking inner balance—this idol serves as a sacred reminder of your spiritual strength.</div><div><br /></div><div>A divine gift for auspicious occasions like Maha Shivratri, Diwali, birthdays, anniversaries, or housewarming ceremonies. Each piece is carefully packed and spiritually suited for immediate placement.</div><div><br /></div><div>Let this radiant embodiment of Shiva Shakti bring protection, wisdom, and serenity into your home.</div>","in stock","new","1300.0","https://www.smartbiz.in/VastuCart/product/428f77dd-ad1c-43e7-bd56-012e6f39e2bf","https://m.media-amazon.com/images/X/bxt1/M/Nbxt1hm-gjnqiSq.jpg","VastuCart","God Idols & Murti","God Idols & Murti","","759.0","","bac257db-5fe6-41a0-81ed-60dd8549abfb","","Gold","3.4L x 2.4W x 4.3H","","","","",""
"bac257db-5fe6-41a0-81ed-60dd8549abfb","VastuCart Lord Shiva Standing Idol – Mighty Shiv Murti with Trishul – Hindu Mahadev Sculpture for Positivity, Home Puja & Office Decor – Radiates Power & Devotion (Matte Black, 4.3 In)","<div>Product: Powerful Lord Shiva Idol in Fierce Standing Pose with Trishul | Size: 3.4L x 2.4W x 4.3H Inches | Material: PolyResin &amp; Marble Dust | Color: Matt Black / Metallic Gold | In Package You Will Receive: 1 Pc of the Lord Shiva Idol For Home Decor, Office, Car Dashboard and Home Puja of 4.3 Inch</div>Standing Lord Shiva Idol with Trishul – Strength in Form, Power in Presence<div><br></div><div>Invite divine energy and unshakable strength into your space with this Matt Black Standing Lord Shiva Idol—a powerful representation of the eternal Adiyogi in his mightiest stance. Crafted with precision using PolyResin and Marble Dust, this 4.3-inch sculpture captures Shiv Ji with his iconic Trishul and matted locks, embodying the force that balances destruction and creation in the universe.</div><div><br></div><div>In his standing form, Mahadev appears alert and meditative—ready to protect and bless his devotees. The bold matt black finish adds a modern yet sacred aura, making it a standout piece for your home temple, meditation altar, study desk, or even your car dashboard. Its compact size ensures it fits seamlessly in any corner of your spiritual or modern lifestyle.</div><div><br></div><div>Worshipped as the source of yoga, cosmic knowledge, and fearless transformation, this murti is ideal for enhancing your daily rituals, bringing peace to your mind, and shielding your home from negativity. Whether you're a practicing yogi, a Shiva bhakt, or someone seeking inner balance—this idol serves as a sacred reminder of your spiritual strength.</div><div><br></div><div>A divine gift for auspicious occasions like Maha Shivratri, Diwali, birthdays, anniversaries, or housewarming ceremonies. Each piece is carefully packed and spiritually suited for immediate placement.</div><div><br></div><div>Let this radiant embodiment of Shiva Shakti bring protection, wisdom, and serenity into your home.</div>","in stock","new","1300.0","https://www.smartbiz.in/VastuCart/product/bac257db-5fe6-41a0-81ed-60dd8549abfb","https://m.media-amazon.com/images/X/bxt1/M/Nbxt1xZvXneh73K.jpg","VastuCart","God Idols & Murti","God Idols & Murti","","759.0","","bac257db-5fe6-41a0-81ed-60dd8549abfb","","Black","3.4L x 2.4W x 4.3H","","","","",""
"2448eadc-9ba8-40e1-994c-8f449e991a32","VastuCart PanchMukhi Lord Hanuman Idol in Saffron / Orange Color","<p><strong>Product</strong>: Divine Panchmukhi Hanuman Idol in Blessing Pose | <strong>Size</strong>: 5L x 2.5W x 6H Inches | <strong>Material</strong>: PolyResin &amp; Marble Dust | <strong>Color</strong>: Saffron With Multicolor | <strong>In Package You Will Receive</strong>: 1 Pc of the Panchmukhi Hanuman Idol For Home Decor, Office, Car Dashboard and Home Puja of <strong>6</strong> Inch</p><p><br></p><p>Introducing the&nbsp;<strong>Panchmukhi Hanuman Idol</strong>&nbsp;by VastuCart – a powerful spiritual icon crafted in vibrant saffron with multicolor accents, designed to bring divine energy, protection, and peace into your home or office. This 6-inch sculpture is meticulously made from PolyResin and marble dust, ensuring durability, detailing, and divine presence. The blessing pose of Hanumanji evokes calmness, strength, and confidence—making this piece a soulful addition to your sacred space.</p><p><br></p><p>This&nbsp;<strong>Bajrang Bali Murti</strong>&nbsp;features the five-faced (Panchmukhi) form of Lord Hanuman, each face representing a specific power: Hanuman (east - courage), Narasimha (south - protection), Garuda (west - health), Varaha (north - prosperity), and Hayagriva (sky - knowledge). In this sitting pose with a blessing hand, the idol conveys devotion, protection from negativity, and an invitation to spiritual discipline.</p><p><br></p><p>Panchmukhi Hanuman is deeply revered in Hindu culture for his unmatched strength, wisdom, and loyalty. Placing this murti in your&nbsp;<strong>home temple</strong>, puja corner, or vastu spot can invite protection against evil energies and promote courage, clarity, and focus. Whether you're performing a daily puja or meditating silently, the aura of this deity anchors your space with divine vibrations.</p><p><br></p><p>This idol is an ideal fit for&nbsp;<strong>home décor</strong>, spiritual shelves, offices, or meditation corners. The saffron color adds a sacred fire element, energizing the environment. The multicolor detailing enhances the artistic depth, giving the idol a distinct aura. Devotees often place Panchmukhi Hanuman near their entrance or workspace to block obstacles and usher in positivity, strength, and divine blessings.</p>","in stock","new","1000.0","https://www.smartbiz.in/VastuCart/product/2448eadc-9ba8-40e1-994c-8f449e991a32","https://m.media-amazon.com/images/X/bxt1/M/pbxt1xN-vSLvPvP.jpg","VastuCart","God Idols & Murti","God Idols & Murti","","479.0","","4cbd87c4-d793-4120-ad47-fac053c2fa64","","Pure Saffron","5L x 2.5W x 6H Inches","","","","",""
"4cbd87c4-d793-4120-ad47-fac053c2fa64","VastuCart PanchMukhi Lord Hanuman Idol in Saffron / Orange Color","<p><strong>Product</strong>: Divine Panchmukhi Hanuman Idol in Blessing Pose | <strong>Size</strong>: 5L x 2.5W x 6H Inches | <strong>Material</strong>: PolyResin &amp; Marble Dust | <strong>Color</strong>: Saffron With Multicolor | <strong>In Package You Will Receive</strong>: 1 Pc of the Panchmukhi Hanuman Idol For Home Decor, Office, Car Dashboard and Home Puja of <strong>6</strong> Inch</p><p><br /></p><p>Introducing the <strong>Panchmukhi Hanuman Idol</strong> by VastuCart – a powerful spiritual icon crafted in vibrant saffron with multicolor accents, designed to bring divine energy, protection, and peace into your home or office. This 6-inch sculpture is meticulously made from PolyResin and marble dust, ensuring durability, detailing, and divine presence. The blessing pose of Hanumanji evokes calmness, strength, and confidence—making this piece a soulful addition to your sacred space.</p><p><br /></p><p>This <strong>Bajrang Bali Murti</strong> features the five-faced (Panchmukhi) form of Lord Hanuman, each face representing a specific power: Hanuman (east - courage), Narasimha (south - protection), Garuda (west - health), Varaha (north - prosperity), and Hayagriva (sky - knowledge). In this sitting pose with a blessing hand, the idol conveys devotion, protection from negativity, and an invitation to spiritual discipline.</p><p><br /></p><p>Panchmukhi Hanuman is deeply revered in Hindu culture for his unmatched strength, wisdom, and loyalty. Placing this murti in your <strong>home temple</strong>, puja corner, or vastu spot can invite protection against evil energies and promote courage, clarity, and focus. Whether you're performing a daily puja or meditating silently, the aura of this deity anchors your space with divine vibrations.</p><p><br /></p><p>This idol is an ideal fit for <strong>home décor</strong>, spiritual shelves, offices, or meditation corners. The saffron color adds a sacred fire element, energizing the environment. The multicolor detailing enhances the artistic depth, giving the idol a distinct aura. Devotees often place Panchmukhi Hanuman near their entrance or workspace to block obstacles and usher in positivity, strength, and divine blessings.</p>","in stock","new","1000.0","https://www.smartbiz.in/VastuCart/product/4cbd87c4-d793-4120-ad47-fac053c2fa64","https://m.media-amazon.com/images/X/bxt1/M/Fbxt1RJfMUg99Qf.jpg","VastuCart","God Idols & Murti","God Idols & Murti","","478.0","","4cbd87c4-d793-4120-ad47-fac053c2fa64","","Orange","5L x 2.5W x 6H Inches","","","","",""
"8092db94-926d-4971-9432-718fcd52ef44","VastuCart Radha Krishna Statue - Elegant Idol in Polyresin with Marble Dust - Symbol of Eternal Love - Divine Radha Krishna Yugal Jodi Murti on Lotus for Puja Mandir, Gift & Decor (Gold, 7.5 In)","<div>Product: Beautiful Radha Krishna Idol in Eternal Love Pose | Size: 4.3L x 3.4W x 7.5H Inch | Material: PolyResin &amp; Marble Dust | Color: Metallic Gold &amp; Multi | In Package You Will Receive: 1 Pc of the Radha Krishna Idol For Home Decor, Office, Car Dashboard and Home Puja of 7.5 Inch</div><div><br></div><div>Celebrate eternal love and spiritual beauty with this magnificent Radha Krishna idol, gracefully sculpted in PolyResin and Marble Dust with a vibrant metallic gold finish and colorful detailing. Krishna plays his flute while Radha stands close by, radiating affection, devotion, and timeless charm.</div><div><br></div><div>This 7.5-inch tall murti rests on a lotus-shaped base, making it not just a divine symbol but also a captivating showpiece. The lotus signifies purity amidst worldly distractions, and the golden tones elevate the entire ambiance—whether you place it in your home temple, living room, office, or gifting corner.</div><div><br></div><div>In Vedic tradition, Radha and Krishna embody divine love, harmony, and soulful connection. Their presence in your space enhances not just spiritual vibrations but also peace, joy, and romantic unity. It’s a beautiful piece for Janmashtami, weddings, anniversaries, Diwali, or as a symbolic gift of love.</div><div><br></div><div>Designed for devotees and décor lovers alike, this idol is a perfect fusion of tradition and elegance. Place it in your puja room, mandir shelf, or even your bedside for blessings of joy, grace, and divine companionship. An ideal piece to invoke devotion and bring spiritual aesthetics into modern homes.</div>","in stock","new","799.0","https://www.smartbiz.in/VastuCart/product/8092db94-926d-4971-9432-718fcd52ef44","https://m.media-amazon.com/images/X/bxt1/M/sbxt1hAN9D$Sc-V.jpg","VastuCart","God Idols & Murti","God Idols & Murti","","399.0","","8092db94-926d-4971-9432-718fcd52ef44","","Gold","7 INCH","","","","",""
"58d4e81a-7c6b-4917-ab6a-bcf3733778be","VastuCart Vaijayanti Mala Original 108+1 Beads Guaranteed - Beautiful Vaijanti Mala Original With PanchMukhi Rudraksha Bead For Home Puja, Laddu Gopal, Chanting - Made From Vaijayanti Seeds For Radha ","<div>In Package : 1 Pc Vaijayanti Mala Original 108 Beads with +1 PanchMukhi Rudraksha Bead Made From Vaijanti Plant Seeds or Vaijayanti Seeds</div><div><br></div><div>📿 Vaijayanti Mala Original – A Symbol of Divine Victory and Love : Made from authentic Vaijanti plant seeds, this mala represents both the eternal love of Radha Krishna and the divine victory of Lord Vishnu. Ideal for pooja, chanting, gifting, and temple decor.</div><div>📿 108 Sacred Seeds + Rudraksha Guru Bead : Traditional 108 Vaijanti beads with 1 Panchmukhi Rudraksha make this mala perfect for mantra japa, meditation, or offering to Radha Krishna or Laddu Gopal.</div><div>📿 Divine Natural Symbol Lord Vishnu, Krishna, and Radha Rani : According to ancient texts, Lord Vishnu and Radha Krishna wore Vaijanti malas. It’s said that Radha Rani herself strung Vaijanti garlands for Krishna — symbolizing pure devotion and divine union.</div><div>📿 Perfect for Laddu Gopal, Radha Krishna Idols &amp; Janmashtami : Adorn your idols with this original Vaijanti mala for Laddu Gopal or Radha Krishna idols. Widely used during Janmashtami, Radha Ashtami, and Diwali for temple decoration and pooja.</div><div>📿 Spiritually Energized – Meditation, Prayer, and Healing : Whether for japa or healing, Vaijanti mala 108+1 beads is known to attract calmness, balance emotions, and offer mental clarity. The Rudraksha enhances its spiritual energy.</div>","in stock","new","500.0","https://www.smartbiz.in/VastuCart/product/58d4e81a-7c6b-4917-ab6a-bcf3733778be","https://m.media-amazon.com/images/X/bxt1/M/mbxt1hquj30ja4i.jpg","VastuCart","Puja Essentials","Puja Essentials","","297.0","","58d4e81a-7c6b-4917-ab6a-bcf3733778be","","Beige","Standard","","","","",""
"29fd2b34-7bfa-4ab8-89cd-8dd02e1a6e73","VastuCart® Auspicious Hanuman Idol in Meditation Pose For for Devotion, Strength & Protection","<p><strong>Product:</strong> Divine Hanuman Idol in Meditation Pose <strong>| Size:</strong> 3.5L x 3W x 4.5H <strong>| Material: </strong>PolyResin &amp; Marble Dust <strong>| Color:</strong> Matt Black <strong>| In Package You Will Receive:</strong> 1 Pc of the Hanuman Idol For Home Decor, Office, Car Dashboard and Home Puja of 4.5 Inch</p><p><br /></p><p><br /></p><p>Bring calm, devotion, and spiritual power into your space with this exquisitely crafted <strong>Hanuman Idol in Meditation Pose</strong> by VastuCart. This peaceful murti features Bajrang Bali sitting with folded legs and eyes gently closed, radiating inner strength, discipline, and devotion. Available in <strong>Matt Black</strong>, <strong>Silver</strong>, and <strong>Metallic Gold</strong>, this divine murti is designed to resonate with modern and traditional interiors alike.</p><p><br /></p><p>Handcrafted using <strong>Polyresin and Marble Dust</strong>, the idol measures <strong>3.5L x 3W x 4.5H inches</strong>, making it ideal for small <strong>Home Temples</strong>, <strong>Office Desks</strong>, <strong>Shelves</strong>, or <strong>Car Dashboards</strong>. Whether you are meditating, offering prayers, or gifting it to a loved one, this Hanuman Ji ki murti invites calmness and divine protection into every moment.</p><p><br /></p><p>Symbolizing unwavering devotion to Lord Ram and immense self-control, this calm form of Hanuman is perfect for devotees seeking mental clarity, spiritual growth, and a protective aura. The detailing in posture, expression, and finish reflects sacred craftsmanship inspired by temple traditions.</p><p><br /></p><p>Perfect for <strong>Hanuman Jayanti</strong>, <strong>Ram Navami</strong>, <strong>Housewarming</strong>, or <strong>Daily Puja</strong>, this murti is not just a decorative idol—it's a spiritual companion. Gift it or place it with intention, and let the presence of Pawansut uplift your environment.</p><p><br /></p><p>From the house of <strong>VastuCart</strong>—trusted for premium devotional art rooted in Indian tradition.</p>","in stock","new","799.0","https://www.smartbiz.in/VastuCart/product/29fd2b34-7bfa-4ab8-89cd-8dd02e1a6e73","https://m.media-amazon.com/images/X/bxt1/M/qbxt1RB23ClSeo8.jpg","VastuCart","God Idols & Murti","God Idols & Murti","","499.0","","6e61ed67-0283-4ba1-8c30-ff9a95341892","","Black","4.5 Inch","","","","",""
"4844d627-1b8b-4b66-a61b-cf598fcfbba7","VastuCart® Auspicious Hanuman Idol in Meditation Pose For for Devotion, Strength & Protection","<p><strong>Product:</strong> Divine Hanuman Idol in Meditation Pose <strong>| Size:</strong> 3.5L x 3W x 4.5H <strong>| Material: </strong>PolyResin &amp; Marble Dust <strong>| Color:</strong> Matt Black <strong>| In Package You Will Receive:</strong> 1 Pc of the Hanuman Idol For Home Decor, Office, Car Dashboard and Home Puja of 4.5 Inch</p><p><br /></p><p><br /></p><p>Bring calm, devotion, and spiritual power into your space with this exquisitely crafted <strong>Hanuman Idol in Meditation Pose</strong> by VastuCart. This peaceful murti features Bajrang Bali sitting with folded legs and eyes gently closed, radiating inner strength, discipline, and devotion. Available in <strong>Matt Black</strong>, <strong>Silver</strong>, and <strong>Metallic Gold</strong>, this divine murti is designed to resonate with modern and traditional interiors alike.</p><p><br /></p><p>Handcrafted using <strong>Polyresin and Marble Dust</strong>, the idol measures <strong>3.5L x 3W x 4.5H inches</strong>, making it ideal for small <strong>Home Temples</strong>, <strong>Office Desks</strong>, <strong>Shelves</strong>, or <strong>Car Dashboards</strong>. Whether you are meditating, offering prayers, or gifting it to a loved one, this Hanuman Ji ki murti invites calmness and divine protection into every moment.</p><p><br /></p><p>Symbolizing unwavering devotion to Lord Ram and immense self-control, this calm form of Hanuman is perfect for devotees seeking mental clarity, spiritual growth, and a protective aura. The detailing in posture, expression, and finish reflects sacred craftsmanship inspired by temple traditions.</p><p><br /></p><p>Perfect for <strong>Hanuman Jayanti</strong>, <strong>Ram Navami</strong>, <strong>Housewarming</strong>, or <strong>Daily Puja</strong>, this murti is not just a decorative idol—it's a spiritual companion. Gift it or place it with intention, and let the presence of Pawansut uplift your environment.</p><p><br /></p><p>From the house of <strong>VastuCart</strong>—trusted for premium devotional art rooted in Indian tradition.</p>","in stock","new","799.0","https://www.smartbiz.in/VastuCart/product/4844d627-1b8b-4b66-a61b-cf598fcfbba7","https://m.media-amazon.com/images/X/bxt1/M/Wbxt1BAR6KPQc3v.jpg","VastuCart","God Idols & Murti","God Idols & Murti","","598.0","","6e61ed67-0283-4ba1-8c30-ff9a95341892","","Gold","4.5 Inch","","","","",""
"6e61ed67-0283-4ba1-8c30-ff9a95341892","VastuCart® Auspicious Hanuman Idol in Meditation Pose For for Devotion, Strength & Protection","<p><strong>Product:</strong>&nbsp;Divine Hanuman Idol in Meditation Pose <strong>| Size:</strong>&nbsp;3.5L x 3W x 4.5H <strong>| Material: </strong>PolyResin &amp; Marble Dust <strong>| Color:</strong>&nbsp;Matt Black <strong>| In Package You Will Receive:</strong>&nbsp;1 Pc of the Hanuman Idol For Home Decor, Office, Car Dashboard and Home Puja of 4.5 Inch</p><p><br></p><p><br></p><p>Bring calm, devotion, and spiritual power into your space with this exquisitely crafted&nbsp;<strong>Hanuman Idol in Meditation Pose</strong>&nbsp;by VastuCart. This peaceful murti features Bajrang Bali sitting with folded legs and eyes gently closed, radiating inner strength, discipline, and devotion. Available in&nbsp;<strong>Matt Black</strong>,&nbsp;<strong>Silver</strong>, and&nbsp;<strong>Metallic Gold</strong>, this divine murti is designed to resonate with modern and traditional interiors alike.</p><p><br></p><p>Handcrafted using&nbsp;<strong>Polyresin and Marble Dust</strong>, the idol measures&nbsp;<strong>3.5L x 3W x 4.5H inches</strong>, making it ideal for small&nbsp;<strong>Home Temples</strong>,&nbsp;<strong>Office Desks</strong>,&nbsp;<strong>Shelves</strong>, or&nbsp;<strong>Car Dashboards</strong>. Whether you are meditating, offering prayers, or gifting it to a loved one, this Hanuman Ji ki murti invites calmness and divine protection into every moment.</p><p><br></p><p>Symbolizing unwavering devotion to Lord Ram and immense self-control, this calm form of Hanuman is perfect for devotees seeking mental clarity, spiritual growth, and a protective aura. The detailing in posture, expression, and finish reflects sacred craftsmanship inspired by temple traditions.</p><p><br></p><p>Perfect for&nbsp;<strong>Hanuman Jayanti</strong>,&nbsp;<strong>Ram Navami</strong>,&nbsp;<strong>Housewarming</strong>, or&nbsp;<strong>Daily Puja</strong>, this murti is not just a decorative idol—it's a spiritual companion. Gift it or place it with intention, and let the presence of Pawansut uplift your environment.</p><p><br></p><p>From the house of&nbsp;<strong>VastuCart</strong>—trusted for premium devotional art rooted in Indian tradition.</p>","in stock","new","799.0","https://www.smartbiz.in/VastuCart/product/6e61ed67-0283-4ba1-8c30-ff9a95341892","https://m.media-amazon.com/images/X/bxt1/M/Tbxt1h5QB9mqGWd.png","VastuCart","God Idols & Murti","God Idols & Murti","","499.0","","6e61ed67-0283-4ba1-8c30-ff9a95341892","","Silver","4.5 Inch","","","","",""
"7874f2a5-5fc3-4a7c-beb8-5bb6b124606b","VastuCart® Auspicious Hanuman Idol in Meditation Pose For for Devotion, Strength & Protection","<p><strong>Product:</strong>&nbsp;Divine Hanuman Idol in Meditation Pose <strong>| Size:</strong>&nbsp;3.5L x 3W x 4.5H <strong>| Material: </strong>PolyResin &amp; Marble Dust <strong>| Color:</strong>&nbsp;Matt Black <strong>| In Package You Will Receive:</strong>&nbsp;1 Pc of the Hanuman Idol For Home Decor, Office, Car Dashboard and Home Puja of 4.5 Inch</p><p><br></p><p><br></p><p>Bring calm, devotion, and spiritual power into your space with this exquisitely crafted&nbsp;<strong>Hanuman Idol in Meditation Pose</strong>&nbsp;by VastuCart. This peaceful murti features Bajrang Bali sitting with folded legs and eyes gently closed, radiating inner strength, discipline, and devotion. Available in&nbsp;<strong>Matt Black</strong>,&nbsp;<strong>Silver</strong>, and&nbsp;<strong>Metallic Gold</strong>, this divine murti is designed to resonate with modern and traditional interiors alike.</p><p><br></p><p>Handcrafted using&nbsp;<strong>Polyresin and Marble Dust</strong>, the idol measures&nbsp;<strong>3.5L x 3W x 4.5H inches</strong>, making it ideal for small&nbsp;<strong>Home Temples</strong>,&nbsp;<strong>Office Desks</strong>,&nbsp;<strong>Shelves</strong>, or&nbsp;<strong>Car Dashboards</strong>. Whether you are meditating, offering prayers, or gifting it to a loved one, this Hanuman Ji ki murti invites calmness and divine protection into every moment.</p><p><br></p><p>Symbolizing unwavering devotion to Lord Ram and immense self-control, this calm form of Hanuman is perfect for devotees seeking mental clarity, spiritual growth, and a protective aura. The detailing in posture, expression, and finish reflects sacred craftsmanship inspired by temple traditions.</p><p><br></p><p>Perfect for&nbsp;<strong>Hanuman Jayanti</strong>,&nbsp;<strong>Ram Navami</strong>,&nbsp;<strong>Housewarming</strong>, or&nbsp;<strong>Daily Puja</strong>, this murti is not just a decorative idol—it's a spiritual companion. Gift it or place it with intention, and let the presence of Pawansut uplift your environment.</p><p><br></p><p>From the house of&nbsp;<strong>VastuCart</strong>—trusted for premium devotional art rooted in Indian tradition.</p>","in stock","new","800.0","https://www.smartbiz.in/VastuCart/product/7874f2a5-5fc3-4a7c-beb8-5bb6b124606b","https://m.media-amazon.com/images/X/bxt1/M/abxt1x0S7kBCMfz.png","VastuCart","God Idols & Murti","God Idols & Murti","","399.0","","7874f2a5-5fc3-4a7c-beb8-5bb6b124606b","","Silver","","","","","",""
"694eaefc-aa4a-4723-95e6-f5b03e9e91c9","VastuCart® Lord Hanuman Idol for Home, Car Dashboard, Office Table in Divine Calm Meditation Pose - Beautiful Bajarang Bali Murti for Home Puja (Metallic Gold - 7.5 Inch)","<p><strong>Product</strong>: Divine Hanuman Idol in Meditation Pose | <strong>Size</strong>: 6L x 5W x 7.5H Inches | <strong>Material</strong>: PolyResin &amp; Marble Dust | <strong>Color</strong>: Metallic Gold |<strong> In Package You Will Receive</strong>: 1 Pc of the Bajrang Bali Idol For Home Decor, Office, Car Dashboard and Home Puja of 7.5 Inch.</p><p><br></p><p>This beautiful Hanuman idol depicts Bajrang Bali in a calm meditation pose, symbolizing inner strength, devotion, and unwavering focus, making it perfect for sacred spaces</p><p><br></p><p>Crafted from premium PolyResin blended with fine Marble Dust, this divine Hanumanji ki murti has a stunning metallic gold, Matt Black, and Metallic Silver finish that adds elegance and spiritual depth to your interiors.This Bajrang Bali murti in meditation pose is believed to ward off <strong>negativity</strong> and bring <strong>prosperity</strong>, <strong>peace</strong>, and <strong>protection</strong> to your home or office setup.Place this powerful Hanuman idol Vigraham in your puja room, living area, or workspace to invoke blessings of courage, discipline, and success as per Hindu traditions.</p><p><br></p><p>This spiritual Hanumanji statue is ideal for Vastu compliance and balancing energies in your home, especially for south-facing entrances or energetic corrections.&nbsp;</p><p><br></p><p>This meticulously designed Hanuman ji ki murti is also an auspicious gift idea for housewarmings, Diwali, Hanuman Jayanti, Navratri, birthdays, and spiritual milestones.&nbsp;</p><p><br></p><p>Inspired by Indian Historical YES Historical not mythological, aesthetics, this polyresin Hanuman idol brings both decorative elegance and divine symbolism into your sacred or living spaces.&nbsp;</p><p><br></p><p>Ideal for daily puja rituals or meditation corners, this Hanuman Ji Ki Murti idol enhances your home’s devotional ambience with its vibrant gold aura and serene expression.&nbsp;</p><p><br></p><p>VastuCart ensures safe packaging, stored well , and a wide range of idols crafted in a clean and spiritually aligned environment — your trust, our promise.</p><p><br></p><p><br></p>","in stock","new","1500.0","https://www.smartbiz.in/VastuCart/product/694eaefc-aa4a-4723-95e6-f5b03e9e91c9","https://m.media-amazon.com/images/X/bxt1/M/Sbxt1BoQtdTlaLK.jpg","VastuCart","God Idols & Murti","God Idols & Murti","","997.0","","694eaefc-aa4a-4723-95e6-f5b03e9e91c9","","Gold","6L X 5W X 7.5H Inches","","","","",""
"18a5d6cd-1721-4fe5-98d0-404cc9b3d298","VastuCart® Lord Kuber Idol Murti For Home Temple, Office Table, Shop -Divine Lord Kubera Statue - The God Of Wealth, Joy, and Prosperity - For Vastu, Feng Sui, Good Luck (Golden, 7 Inch) ","<div>Product: Auspicious Kuber Idol in Sitting Pose | Size: 4.5L x 3.5W x 7H Inches | Material: PolyResin &amp; Marble Dust | Color: Gold White Multi | In Package You Will Receive: 1 Pc of the Kuber Murti For Home Decor, Office, Car Dashboard and Home Puja of 7 Inch</div><div><br></div><div>Invite divine wealth and prosperity into your life with this stunning VastuCart Lord Kuber Idol, crafted with intricate details in Polyresin and Marble Dust. Representing the Hindu God of Wealth, this idol showcases Lord Kuber seated royally on a majestic throne, adorned with golden ornaments, holding a pot of jewels and a symbolic mudra for blessings. The beautifully designed backdrop and lotus base enhance its traditional temple-style aura, making it a perfect addition to your home puja, office desk, cash counter, or vastu space.</div><div><br></div><div>This 7-inch idol in Gold White Multi finish reflects abundance, stability, and auspiciousness—ideal for Diwali Dhanteras, housewarming, or business prosperity rituals. Its size (4.5L x 3.5W x 7H inches) and weight (0.480 kg) strike the right balance of presence and portability. Whether placed in your mandir, locker, or showroom, it brings positive vastu energy and spiritual elegance.</div><div><br></div><div>Lord Kuber is revered as the guardian of the North direction and treasurer of the gods. Placing his murti in your space invites material success and guards your wealth. This idol is also a meaningful gift for business owners, spiritual seekers, or loved ones embarking on new financial journeys.</div><div><br></div><div>Crafted with premium materials, long-lasting colors, and rooted in Indian traditions—this Kuber Idol from VastuCart is more than a showpiece. It's a symbol of divine financial security and sacred elegance.</div>","in stock","new","2500.0","https://www.smartbiz.in/VastuCart/product/18a5d6cd-1721-4fe5-98d0-404cc9b3d298","https://m.media-amazon.com/images/X/bxt1/M/kbxt1x98wP6f$aI.jpg","VastuCart","God Idols & Murti","God Idols & Murti","","1799.0","","18a5d6cd-1721-4fe5-98d0-404cc9b3d298","","Beige","7 INCH","","","","",""
"b1702285-009e-44aa-9eb0-55c7bdd4321f","VastuCart® Mahabali Hanuman Idol 5.5 Inch","<p><strong>Product</strong>: Divine Hanuman Idol in Warrior Pose | <strong>Size</strong>: 4.4L x 3.6W x 5.5H | <strong>Material</strong>: PolyResin &amp; Marble Dust | <strong>Color</strong>: Metallic Gold | <strong>In Package You Will Receive</strong>: 1 Pc of the Hanuman Idol For Home Decor, Office, Car Dashboard and Home Puja of 5.5 Inch</p><p><br></p><p>Bring home divine strength with the&nbsp;<strong>VastuCart Mahabali Hanuman Idol</strong>&nbsp;in a rare&nbsp;<strong>warrior sitting pose</strong>. Seated atop a rocky base with his mighty&nbsp;<strong>gada resting on his shoulder</strong>, this idol captures Hanuman Ji’s fearless and protective form—symbolizing power, patience, and divine grace. Made from durable&nbsp;<strong>polyresin and marble dust</strong>, and coated in a radiant&nbsp;<strong>metallic gold finish</strong>, this sculpture is a striking spiritual décor piece sized perfectly at&nbsp;<strong>5.5 inches tall</strong>.</p><p>Hanuman Ji, revered as&nbsp;<strong>Mahabali Bajrangbali</strong>, is the epitome of devotion, courage, and mental discipline. </p><p><br></p><p>This form reflects his restful alertness after battle—strength tempered by serenity. Ideal for&nbsp;<strong>home temples, work desks, meditation zones</strong>, and&nbsp;<strong>Vastu correction</strong>, it brings protection and positive energy when placed in the&nbsp;<strong>South or South-East direction</strong>.</p><p><br></p><p>Celebrate&nbsp;<strong>Hanuman Jayanti, Ram Navami, Navratri</strong>, or gift it during housewarmings and spiritual occasions. A meaningful gift for devotees, athletes, students, or anyone seeking confidence and focus. Use it for daily puja, mantra recitation, or as an inspiring symbol of strength.</p><p><br></p><p>Lightweight, easy to maintain, and visually powerful—this idol merges&nbsp;<strong>decor, devotion, and divine purpose</strong>&nbsp;into one timeless masterpiece.</p>","in stock","new","900.0","https://www.smartbiz.in/VastuCart/product/b1702285-009e-44aa-9eb0-55c7bdd4321f","https://m.media-amazon.com/images/X/bxt1/M/Bbxt1huDrJyTmNL.jpg","VastuCart","God Idols & Murti","God Idols & Murti","","597.0","","b1702285-009e-44aa-9eb0-55c7bdd4321f","","Gold","5.5 Inch X 5 Inch X 4 Inch","","","","",""
"2b4f00e7-8fe1-4191-bc5f-941e1411449f","VastuCart® Sarangpur Hanuman Idol – Standing Pose – Divine Blessing Hanuman Ji Murti for Strength & Negativity Removal For Home Office Decor, Car Dashboard (Gold, 4.7Inch","<p><strong>Product</strong>: Auspicious Hanuman Idol in Calm Blessing Pose | <strong>Size</strong>: 3L x 2W x 4.7H In | <strong>Material</strong>: Polyresin &amp; Marble Dust | <strong>Color</strong>: Metallic Gold | <strong>In Package You Will Receive</strong>: 1 Pc of the Hanuman Ji Murti For Home Decor, Office, Car Dashboard and Home Puja of 4.7 Inch</p><p><br></p><p><br></p>","in stock","new","999.0","https://www.smartbiz.in/VastuCart/product/2b4f00e7-8fe1-4191-bc5f-941e1411449f","https://m.media-amazon.com/images/X/bxt1/M/Wbxt1hNSyBFhC8W.jpg","VastuCart","God Idols & Murti","God Idols & Murti","","499.0","","2b4f00e7-8fe1-4191-bc5f-941e1411449f","","Gold","","","","","",""
"f261f408-1fbf-48ad-b2d6-93353aa5142e","VastuCart Divine Pawansut Hanuman Idol – Reading Ramcharitmanas – Calm Meditation Pose For Home, Ofiice Decor, Car Dashboard 3.5 Inch","<p><strong>Product</strong>: Divine Hanuman Idol in Meditative Pose | <strong>Size</strong>: 2.8L x 2.4W x 3.5H In | <strong>Material</strong>: Polyresin &amp; Marble Dust | <strong>Color</strong>: Saffron with Kesri Tilak |<strong> In Package You Will Receive</strong>: 1 Pc of the Pawansut Hanuman Murti For Home Decor, Office, Car Dashboard and Home Puja of 3.5 Inch</p><p><br></p><p>Invoke peace, wisdom, and unwavering devotion with&nbsp;<strong>VastuCart's Pawansut Hanuman Idol</strong>—a beautifully sculpted murti of Hanuman Ji sitting in&nbsp;<strong>meditation pose</strong>, deeply engrossed in reading the&nbsp;<strong>Ramcharitmanas</strong>. This serene idol represents the spiritually evolved form of&nbsp;<strong>Bajrang Bali</strong>, where strength meets humility and knowledge becomes power.</p><p><br></p><p>Finished in a divine&nbsp;<strong>Saffron-Orange tone</strong>, this idol is a rare depiction of Lord Hanuman as a disciple, symbolizing inner reflection, mental stillness, and scholarly dedication to Lord Ram. The posture radiates calmness and focus—perfect for spiritual aspirants, students, meditators, and those seeking divine guidance and balance. Crafted from&nbsp;<strong>Polyresin &amp; Marble Dust</strong>, it offers durability with intricate temple-style aesthetics.</p><p><br></p><p>Ideal for&nbsp;<strong>Home Temples, Study Rooms, Meditation Corners, Car Dashboards</strong>, and&nbsp;<strong>Office Desks</strong>, this compact murti seamlessly blends into your environment while uplifting it spiritually. It is also a powerful symbol for those going through life’s challenges, reminding them of the strength found in silence and devotion.</p><p>Celebrate your&nbsp;<strong>Hanuman Bhakti</strong>&nbsp;daily or gift it to loved ones during&nbsp;<strong>Hanuman Jayanti, Ram Navami, Diwali</strong>, or as a meaningful token of faith. From&nbsp;<strong>VastuCart</strong>, a trusted devotional brand, this idol comes with heartfelt craftsmanship and symbolic depth.</p>","in stock","new","1200.0","https://www.smartbiz.in/VastuCart/product/f261f408-1fbf-48ad-b2d6-93353aa5142e","https://m.media-amazon.com/images/X/bxt1/M/jbxt1h1GBQu7eNL.png","VastuCart","God Idols & Murti","God Idols & Murti","","598.0","","f261f408-1fbf-48ad-b2d6-93353aa5142e","","Orange","5.5 Inch","","","","",""
"f3194495-b436-44e0-87b2-99d9e687ebcb","VastuCart Ganesh Ji Idol in Gold Yellow - Divine Blessing Pose Ganpati Bappa Statue - Resin and Marble Dust Murti for Home Puja, Mandir, Car Dashboard & Office Decor (3.5 In)","<div>Product: Divine Ganesha Idol in Blessing Pose | Size: 2.1L x 1.5W x 3.5H | Material: PolyResin &amp; Marble Dust | Color: Gold Yellow | In Package You Will Receive: 1 Pc of the Ganpati Idol For Home Decor, Office, Car Dashboard and Home Puja of 3.5 Inch</div><div><br></div><div>Invite divine blessings and wisdom into your space with this beautiful 3.5-inch Lord Ganesha idol by VastuCart. Handcrafted from a premium blend of PolyResin and Marble Dust, this Ganpati murti features intricate details, a soothing gold yellow finish, and a blessing pose that symbolizes protection and success.</div><div><br></div><div>Perfect for home temples, office desks, study areas, or even your car dashboard, this compact idol spreads peace and prosperity wherever placed. The traditional design with modern detailing makes it an ideal addition to festive décor during Ganesh Chaturthi, Diwali, and housewarmings. A thoughtful spiritual gift for loved ones that carries meaning, charm, and sacred energy.</div><div><br></div><div>This Ganesh ji statue also makes an elegant return gift or Vastu remedy, believed to remove obstacles and invite positivity into your home and work life. Lightweight, durable, and easy to maintain – this idol is the perfect choice for your daily puja or thoughtful gifting.</div>","in stock","new","700.0","https://www.smartbiz.in/VastuCart/product/f3194495-b436-44e0-87b2-99d9e687ebcb","https://m.media-amazon.com/images/X/bxt1/M/cbxt1xJl$rT85YV.jpg","VastuCart","God Idols & Murti","God Idols & Murti","","499.0","","f3194495-b436-44e0-87b2-99d9e687ebcb","","Beige","3.5 Inch","","","","",""
"ab08a165-1059-4d61-8c78-93d29f4e0a50","VastuCart Gold Plated Radha Krishna Idol on Base (PolyResin, 14 In)","A Beautiful Gold Plated Golden and Red Design Based Radha Krishna Idol or Say Radha Krishna Murti For Home Puja, Puja Mandir, Gifts and Home Decoration. This Radha Krishna Statue Comes With Cow and a Sturdy Wooden Base So that You Can Relocate it Easily Without Risking the Imbalance Caused Breakages.<div>You Can Gift this Radha Krishna Statue to Someone on the Special Occasions Like Wedding Anniversaries, Birthdays, Marriages, Retirements, Baby Shower, and Whenever You Wish.</div><div>Let’s have a Quick Look Over Some Salient Features :</div><div><br></div><div>Size (LXWXH) of Radha Krishna Statute :&amp;nbsp; 12 Inch X 6 Inch X 14 Inch&nbsp;</div><div>| Material : PolyResin</div><div><br></div><div>This Radha Krishna Murti Comes in Going pd Plated Colors and Prosperous Golden Plated Design With A Sturdy Wooden Base for Safe Placement.</div><div><br></div><div>The Radha Krishna Idol is Highly Revered For Peace, Prosperity and Love in Homes, Puja Mandir Based in Homes, or as a Gift Item for Various Auspicious Occasions Like Retirements, Wedding Anniversary and Marriages.</div><div><br></div><div>This Radha Krishna Murti Big Size Comes in a Beautiful Color Combination of Red Color Cloths Of Radha Rani Idol, With Golden Foil Plated Lord Krishna, as A Symbol of Love, and Prosperity.</div><div><br></div><div>This Radha Krishna Idol Comes With a Cow Which Makes it Complete in the Sense of Positivity, Charm, Peace and Prosperity. Just Place it in Puja Temple, or in The Wall Shelf and It will Attract Every Eye Ball Around.</div>","in stock","new","10999.0","https://www.smartbiz.in/VastuCart/product/ab08a165-1059-4d61-8c78-93d29f4e0a50","https://m.media-amazon.com/images/X/bxt1/M/Lbxt1hrAaTCRHpa.jpg","VastuCart","Premium Luxury Idols","Premium Luxury Idols","","8978.0","","ab08a165-1059-4d61-8c78-93d29f4e0a50","","Gold","14 INCH","","","","",""
"c4f923f8-1237-44a1-865b-a7d588b9f485","VastuCart Krishna Statue Metal Golden 18 In for Home Puja & Decor","&lt;p&gt;This Beautiful Lord Krishna Statue is Made of the Brass Mix Aluminum or White Metal Material, Somewhat like Brass Metal . The Flute can be Relocated Easily. The Lord Krishna Statue is Much Worshipped and a Icon of Love, Deity, and Resilience with Truth.&amp;nbsp;&lt;br&gt;He Taught Geeta to Arjuna During the Great Mahabharata War, Which is Still Relevant and Thus Krishna becomes the Icon of Peace, Rights, and Integrity. &amp;nbsp;&lt;br&gt;This Lord Krishna Statue is Ideal for Home Decoration, Office Decoration and As a Gift Item.<div>Let's Have a Quick Look Over the Lord Krishna Figurine: Size (LXWXH) : 5.5 Inch X 4.5 Inch X 15.5 Inch |&nbsp;</div><div>Material : PolyResin</div><div><br></div><div>Beautiful Lord Krishna Statue Playing Flute and Eye Catching Posture of The Lord Krishna.</div><div>Beautiful Eye Catching Color Combination and Movable Flute.</div><div>The Krishna Figurine Comes With Support Base For Easy Placement and Relocations.</div><div>An Auspicious Pose of Lord Krishna For Prosperity, Positive Energy and Vibrancy in the Environment.</div><div>VastuCart Makes in India With ♥</div>","in stock","new","9000.0","https://www.smartbiz.in/VastuCart/product/c4f923f8-1237-44a1-865b-a7d588b9f485","https://m.media-amazon.com/images/X/bxt1/M/Gbxt1hJp2Dw0XyP.jpg","VastuCart","Premium Luxury Idols","Premium Luxury Idols","","4987.0","","c4f923f8-1237-44a1-865b-a7d588b9f485","","Gold","LXWXH : 5.5 Inch X 4.5 Inch X 15.5 Inch","","","","",""
"166ac396-0caa-4113-a501-732e285d9fd5","VastuCart® Blessing Hanuman Statue - Auspicious Calm Pose with Gada and Tilak - Ideal for Spiritual Gifting, Puja, and Decor 3.2 Inch Matt Black","<p><strong>Product</strong>: Divine Hanuman Idol In Calm Blessing Pose | <strong>Size</strong>: 2.3L X 2.1W X 3.2H Inches | <strong>Material</strong>: Polyresin &amp; Marble Dust | <strong>Color</strong>: Metallic Gold / Matt Black With Kesari Tilak | <strong>In</strong> <strong>Package</strong> <strong>You</strong> <strong>Will</strong> <strong>Receive</strong>: 1 Pc Of The Blessing Hanuman Murti For Home Decor, Office, Car Dashboard And Home Puja Of 3.2 Inch</p><p><br></p><p>Invite divine peace and power into your life with VastuCart's Calm Blessing Hanuman Idol. Seated in serene meditation with a blessing hand raised and Gada resting firmly, this finely crafted murti represents strength, devotion, and inner balance. Ideal for your Home Temple, Office Desk, or Car Dashboard, it’s a spiritual anchor in any sacred or personal space.</p><p>Inspired by traditional Indian temple murtis, Hanuman Ji’s tranquil posture and finely detailed ornaments radiate protective energy and mental clarity. The raised palm signifies blessings and assurance, while the Gada embodies courage and resolve. His peaceful expression reflects calm strength—perfect for those seeking confidence, focus, and spiritual discipline.</p><p>Standing at just 3.2 inches, this idol is compact, travel-friendly, and fits perfectly in small shelves, altars, or dashboards. Crafted from durable PolyResin and Marble Dust, it blends lightweight design with lasting quality.</p><p><br></p><p>Choose from two spiritually rich color options:</p><p><br></p><p><br></p><ul><li><strong>Metallic Gold</strong>&nbsp;– Signifying wealth, prosperity, and divine brilliance.</li><li><strong>Matt Black with Kesari Tilak</strong>&nbsp;– Radiating tradition, power, and authentic presence.</li></ul><p>A powerful gift for Diwali, Hanuman Jayanti, Navratri, or housewarmings. Whether for meditation, protection, or daily worship, this Bajrangbali murti is a beacon of strength and faith.</p>","in stock","new","800.0","https://www.smartbiz.in/VastuCart/product/166ac396-0caa-4113-a501-732e285d9fd5","https://m.media-amazon.com/images/X/bxt1/M/jbxt1h6Ew$igOu8.png","VastuCart","God Idols & Murti","God Idols & Murti","","489.0","","166ac396-0caa-4113-a501-732e285d9fd5","","Black","4.5 Inch","","","","",""
"ec07ed63-9699-44f9-89b0-3e471a071536","VastuCart® Blessing Hanuman Statue - Auspicious Calm Pose with Gada and Tilak - Ideal for Spiritual Gifting, Puja, and Decor 3.2 Inch, Metallic Gold ","<p><strong>Product</strong>: Divine Hanuman Idol In Calm Blessing Pose | <strong>Size</strong>: 2.3L X 2.1W X 3.2H Inches | <strong>Material</strong>: Polyresin &amp; Marble Dust | <strong>Color</strong>: Metallic Gold / Matt Black With Kesari Tilak | <strong>In</strong> <strong>Package</strong> <strong>You</strong> <strong>Will</strong> <strong>Receive</strong>: 1 Pc Of The Blessing Hanuman Murti For Home Decor, Office, Car Dashboard And Home Puja Of 3.2 Inch</p><p><br></p><p>Invite divine peace and power into your life with VastuCart's Calm Blessing Hanuman Idol. Seated in serene meditation with a blessing hand raised and Gada resting firmly, this finely crafted murti represents strength, devotion, and inner balance. Ideal for your Home Temple, Office Desk, or Car Dashboard, it’s a spiritual anchor in any sacred or personal space.</p><p>Inspired by traditional Indian temple murtis, Hanuman Ji’s tranquil posture and finely detailed ornaments radiate protective energy and mental clarity. The raised palm signifies blessings and assurance, while the Gada embodies courage and resolve. His peaceful expression reflects calm strength—perfect for those seeking confidence, focus, and spiritual discipline.</p><p>Standing at just 3.2 inches, this idol is compact, travel-friendly, and fits perfectly in small shelves, altars, or dashboards. Crafted from durable PolyResin and Marble Dust, it blends lightweight design with lasting quality.</p><p><br></p><p>Choose from two spiritually rich color options:</p><p><br></p><p><br></p><ul><li><strong>Metallic Gold</strong>&nbsp;– Signifying wealth, prosperity, and divine brilliance.</li><li><strong>Matt Black with Kesari Tilak</strong>&nbsp;– Radiating tradition, power, and authentic presence.</li></ul><p>A powerful gift for Diwali, Hanuman Jayanti, Navratri, or housewarmings. Whether for meditation, protection, or daily worship, this Bajrangbali murti is a beacon of strength and faith.</p>","in stock","new","850.0","https://www.smartbiz.in/VastuCart/product/ec07ed63-9699-44f9-89b0-3e471a071536","https://m.media-amazon.com/images/X/bxt1/M/rbxt1xqCk-4wqvj.png","VastuCart","God Idols & Murti","God Idols & Murti","","498.0","","ec07ed63-9699-44f9-89b0-3e471a071536","","Gold","4.5 Inch","","","","",""
"c400f5db-77b1-4714-8798-951e12318b2e","VastuCart® Wooden Puja Chowki With Meenakari Set of 3","<p>Will be added </p>","in stock","new","2000.0","https://www.smartbiz.in/VastuCart/product/c400f5db-77b1-4714-8798-951e12318b2e","https://m.media-amazon.com/images/X/bxt1/M/Xbxt1BEszWfSkOj.png","VastuCart","Puja Essentials","Puja Essentials","","2000.0","","c400f5db-77b1-4714-8798-951e12318b2e","","Dark Golden","7 INCH","","","","",""
